,product,class,code,name,image,price
0,ON00,양파,ON,양파(소) 1망,http://jangfood1.hgodo.com/shop/external/fix/md/itemImg/2022/04/13/155//20220413160225d719f1cb032d4d9bb1f6d6de2a53cd04_tr5m.jpg,"3,290원"
1,ON01,양파,ON,깐양파 5KG/국산,http://jangfood1.hgodo.com/shop/external/fix/md/itemImg/2020/02/24/787//202002240903154c60c9ceda3444039eec7ec45e5c6ec2_bvhh.jpg,"8,900원"
2,ON02,양파,ON,신선깐양파 500G/보탬/국산,http://jangfood1.hgodo.com/shop/external/fix/md/itemImg/2023/03/23/563//20230323140735deeee2c3f61e4a62854af2317e385315_i52w.jpg,"2,790원"
3,ON03,양파,ON,적양파(망) 2KG,http://jangfood1.hgodo.com/shop/external/fix/md/itemImg/2023/05/31/415//2023053110313576e3e21fee4f4065a23e6dc28d27f2a3_mdj7.jpg,"4,990원"
4,ON04,양파,ON,깐양파 10KG/국산,http://jangfood1.hgodo.com/shop/external/fix/img/food/sub01//20190430113756e9e1001561204525ab4b9dcb0b589b70_uj72.jpg,"15,900원"
5,GA00,마늘,GA,깐마늘(대) 1KG/바른푸드,http://jangfood1.hgodo.com/shop/external/fix/md/itemImg/2024/05/30/354//2024053010301577c95c7d4a774ffb87922c22c833601c_lg44.jpg,"12,200원"
6,GA01,마늘,GA,깐마늘(대) 1KG/바른푸드  BOX (10),http://jangfood1.hgodo.com/shop/external/fix/md/itemImg/2024/05/30/648//20240530103200df23d6bc9af64b42b3e408bd9a30b075_nfhn.jpg,"121,000원"
7,GA02,마늘,GA,깐마늘(소) 1KG/바른푸드,http://jangfood1.hgodo.com/shop/external/fix/md/itemImg/2024/05/30/316//2024053010274084026d6ce94f42ddbfa2c5ae1e5177ca_ojwq.jpg,"12,000원"
8,GA03,마늘,GA,깐마늘(소) 1KG/바른푸드  BOX (10),http://jangfood1.hgodo.com/shop/external/fix/md/itemImg/2024/05/30/564//2024053010282561b5c1d046984668ad384db2ab8f4a5c_skh2.jpg,"119,000원"
9,GA04,마늘,GA,깐마늘(손주) 1KG/바른푸드,http://jangfood1.hgodo.com/shop/external/fix/md/itemImg/2022/04/26/768//2022042609313098a69d90b71f4a5283c772d68789abb8_mgfn.jpg,"14,500원"
10,GO00,대파,GO,깐대파 1봉/국산,http://jangfood1.hgodo.com/shop/external/fix/md/itemImg/2024/12/13/941//2024121314534084f64211e5f74a56a4ac61f9a6bd1f9b_eh6t.jpg,"2,800원"
11,GO01,대파,GO,깐대파 1KG/국산,http://jangfood1.hgodo.com/shop/external/fix/md/itemImg/2019/06/01/213//20190601000340c7d4244378474cc0be0911bc710f88f5_27pr.jpg,"4,000원"
12,GO02,대파,GO,깐쪽파 1봉(400G)/㈜이레청과,http://jangfood1.hgodo.com/shop/external/fix/md/itemImg/2025/05/02/149//202505021025455ccf0efdd08d449298c5fffb26d6fc11_49i9.jpg,"3,990원"
13,GO03,대파,GO,깐대파 2.5KG/국산,http://jangfood1.hgodo.com/shop/external/fix/md/itemImg/2022/05/06/424//202205061230105593da22ac2f4510a64ab0f427b2383a_gasy.jpg,"5,900원"
14,GO04,대파,GO,대파(망) 5KG/국산,http://jangfood1.hgodo.com/shop/external/fix/md/itemImg/2024/07/25/753//20240725075350135caed5ac564e58b151bf68d0da0ff4_etph.jpg,"7,900원"
15,CH00,청양고추,CH,반홍청양고추 500G/국산,http://jangfood1.hgodo.com/shop/external/fix/md/itemImg/2023/05/03/795//202305031102353b067e04305c43b0ac59ee58a287923e_ecbf.jpg,"2,850원"
16,CH01,청양고추,CH,청양고추(특) 200G,http://jangfood1.hgodo.com/shop/external/fix/md/itemImg/2024/08/05/893//2024080513073591fdc5527dc84f86917a60e032509879_p1ln.jpg,"1,790원"
17,CH02,청양고추,CH,청양고추(특) 500G,http://jangfood1.hgodo.com/shop/external/fix/md/itemImg/2024/08/05/408//20240805131325c37089f520974b37a158b0f6e0716c4b_je3j.jpg,"3,690원"
18,CH03,청양고추,CH,청양고추(상) 1KG,http://jangfood1.hgodo.com/shop/external/fix/md/itemImg/2024/08/01/931//202408010814308801c1f12c764d609007c7d10875b67c_sivw.jpg,"4,390원"
19,CH04,청양고추,CH,청양고추(상) 2KG,http://jangfood1.hgodo.com/shop/external/fix/md/itemImg/2024/08/01/728//202408010818007d3aae2d990e495e9b55443659173589_qnof.jpg,"7,990원"
20,LE00,상추,LE,청로메인(박스) 2KG,http://jangfood1.hgodo.com/shop/external/fix/md/itemImg/2020/05/01/363//20200501150510311c101fa4c0484d93cfc0873989e263_78ca.jpg,"16,500원"
21,LE01,상추,LE,청로메인 200G/국산,http://jangfood1.hgodo.com/shop/external/fix/md/itemImg/2021/01/25/783//202101251250109b4caa6d05c9496cb288dd382fe785c5_cnkh.jpg,"2,300원"
22,LE02,상추,LE,포기상추 300G/국산,http://jangfood1.hgodo.com/shop/external/fix/md/itemImg/2024/05/17/728//20240517083345342fe45951a14627bc06b4121f3b64bf_xm1c.jpg,"2,090원"
23,LE03,상추,LE,꽃상추 100G/한끼채소,http://jangfood1.hgodo.com/shop/external/fix/md/itemImg/2024/08/19/072//2024081913252016ed9e6de92d4ecbb7ceaeb85e053a68_afhm.jpg,"1,490원"
24,LE04,상추,LE,적상추 100G/한끼채소,http://jangfood1.hgodo.com/shop/external/fix/md/itemImg/2024/01/30/418//20240130115750f9c29fd827644205a3883945cbae2ca4_vqqs.jpg,"1,490원"
25,NC00,배추,NC,배추(1포기)/국산,http://jangfood1.hgodo.com/shop/external/fix/md/itemImg/2021/01/05/564//202101051527108c4d2a7248a54be6b3c340c996732ff1_vrxu.jpg,"3,490원"
26,NC01,배추,NC,배추(A) 1단(2포기)/국산,http://jangfood1.hgodo.com/shop/external/fix/md/itemImg/2020/04/03/093//20200403163220282aa2d61c194e6f890b1374d6d41455_vbjj.jpg,"6,900원"
27,NC02,배추,NC,쌈배추 300G/국산,http://jangfood1.hgodo.com/shop/external/fix/md/itemImg/2019/06/01/073//201906010000502bdcf1bb28a04e4e8fc6713e00df0347_iwnm.jpg,"4,090원"
28,NC03,배추,NC,알배기(특) 1봉/국산,http://jangfood1.hgodo.com/shop/external/fix/md/itemImg/2025/02/26/459//20250226141330e8ffa6fcea3c4cea8b7d803cedd27c4d_ttkp.jpg,"2,190원"
29,NC04,배추,NC,청방배추 1단/동호상회/국산,http://jangfood1.hgodo.com/shop/external/fix/md/itemImg/2025/03/04/307//20250304152055b39ac0e391a6436db07513dfd635a247_s7g8.jpg,"6,490원"
30,SN00,시금치,SN,포항시금치 1단/국산,http://jangfood1.hgodo.com/shop/external/fix/md/itemImg/2024/03/11/806//2024031113245027560b67ecdf4ea09e46f91cd7882e60_rybt.jpg,"3,090원"
31,SN01,시금치,SN,시금치(봉지) 4KG/동호상회/국산,http://jangfood1.hgodo.com/shop/external/fix/md/itemImg/2025/03/04/667//2025030415262552022c05c0bf47ed9c6c68214d59f2d0_4fsd.jpg,"15,900원"
32,SN02,시금치,SN,돗나물 4KG/국산,http://jangfood1.hgodo.com/shop/external/fix/md/itemImg/2023/01/18/994//2023011809451051be24d4c5ac4f148ec102eee78577eb_sq1l.jpg,"13,900원"
33,SN03,시금치,SN,돗나물 300G/국산,http://jangfood1.hgodo.com/shop/external/fix/md/itemImg/2019/06/01/034//20190601003120ff525a5cce1b40ff8d38813b9b167150_tl2r.jpg,"1,650원"
34,SN04,시금치,SN,열무(봉지) 4KG/국산,http://jangfood1.hgodo.com/shop/external/fix/md/itemImg/2020/04/06/594//20200406081705cb62db3bec1a4c52a02e4312abeba65f_9hl2.jpg,"7,190원"
35,PL00,깻잎,PL,깻잎(2속) 1봉/한끼채소,http://jangfood1.hgodo.com/shop/external/fix/md/itemImg/2025/02/13/542//20250213161410f5ef4a3c0b7e4bdfb9ddb703c20cfb73_miji.jpg,"1,790원"
36,PL01,깻잎,PL,깻잎(5속) 1봉/한끼채소,http://jangfood1.hgodo.com/shop/external/fix/md/itemImg/2024/08/01/599//20240801082625c141480a0e4246fca79610d81310f491_5bdk.jpg,"3,790원"
37,PL02,깻잎,PL,깻잎(10속) 1봉/한끼채소,http://jangfood1.hgodo.com/shop/external/fix/md/itemImg/2024/08/05/359//20240805133150380f0daa026c48f3ba5af3725495d1be_tbvd.jpg,"6,790원"
38,PL03,깻잎,PL,깻잎(밀양) 1BOX(25속),http://jangfood1.hgodo.com/shop/external/fix/md/itemImg/2024/04/16/516//20240416141600236d442c6a4042e4897c1a7f316e6565_4miw.jpg,"9,400원"
39,PL04,깻잎,PL,깻잎(밀양) 1BOX(50속),http://jangfood1.hgodo.com/shop/external/fix/md/itemImg/2024/04/16/947//20240416141900aab828962df74101aec41903daadd5fa_rfqe.jpg,"16,900원"
40,CR00,당근,CR,흙당근(특) 20KG/국산,http://jangfood1.hgodo.com/shop/external/fix/img/food/sub01//20190430113927cbbe7835c6ca40e688a76bd79b09c643_gezb.jpg,"38,900원"
41,CR01,당근,CR,대박당근 1봉/국산,http://jangfood1.hgodo.com/shop/external/fix/md/itemImg/2020/04/28/317//202004281448156b1fe1a3f21e4f55b5f3820452219f6b_aang.jpg,"1,690원"
42,CR02,당근,CR,흙당근 2입/국산,http://jangfood1.hgodo.com/shop/external/fix/md/itemImg/2022/04/25/576//20220425085710d6a83f4d42054ece847a53f8ad908685_zqs3.055.jpg,"1,890원"
43,CR03,당근,CR,흙당근 5입/국산,http://jangfood1.hgodo.com/shop/external/fix/md/itemImg/2022/04/25/016//20220425085810b383041323904007ae53748a32b7eaa7_rclw.583.jpg,"3,790원"
44,CR04,당근,CR,세척당근 1KG/㈜루트팜/국산,http://jangfood1.hgodo.com/shop/external/fix/md/itemImg/2024/03/07/821//20240307072750d289061319c24536b41f6fdd3dc9ad51_s1ml.jpg,"4,290원"
45,PT00,감자,PT,깐감자 1KG/㈜루트팜/국산,http://jangfood1.hgodo.com/shop/external/fix/md/itemImg/2024/09/04/296//2024090410401021f0d7d91fce480c820a92372aefa526_dqkd.jpg,"5,690원"
46,PT01,감자,PT,햇감자(특) 1KG/청해,http://jangfood1.hgodo.com/shop/external/fix/md/itemImg/2024/04/23/173//202404231555503deefc33ac154c7784aacff7367a6400_dl8e.jpg,"3,690원"
47,PT02,감자,PT,햇감자(왕특) 1KG/청해,http://jangfood1.hgodo.com/shop/external/fix/md/itemImg/2024/04/23/279//20240423154955299489d09d3647cfa9a1e1316d0b6777_ir9p.jpg,"3,990원"
48,PT03,감자,PT,햇감자(왕특) 2.5KG/청해,http://jangfood1.hgodo.com/shop/external/fix/md/itemImg/2024/04/23/294//20240423155100bf51b5478aae4798b203e1193d940983_f9m1.jpg,"7,890원"
49,PT04,감자,PT,감자 1.5KG/㈜루트팜,http://jangfood1.hgodo.com/shop/external/fix/md/itemImg/2024/12/13/741//202412131520054bd353b660db4a97983a07b642be2766_scyj.jpg,"5,990원"
50,SP00,고구마,SP,고구마(특) 1KG/청해,http://jangfood1.hgodo.com/shop/external/fix/md/itemImg/2025/02/10/330//20250210135025ebcb68df12dc46849e473e50ed9a7ca3_jvqc.jpg,"5,190원"
51,SP01,고구마,SP,고구마 1.5KG/㈜루트팜,http://jangfood1.hgodo.com/shop/external/fix/md/itemImg/2024/08/29/579//20240829093810c26095de9060462993ecbcd06ae5590b_r682.jpg,"8,390원"
52,SP02,고구마,SP,고구마(왕 튀김용) 10KG,http://jangfood1.hgodo.com/shop/external/fix/md/itemImg/2024/04/29/193//20240429161455fdd7f768199942028d6453c85d99f717_78ug.jpg,"32,900원"
53,SP03,고구마,SP,고구마(특) 10KG,http://jangfood1.hgodo.com/shop/external/fix/img/food/sub01//20190430113755ba97b1082f664798b67bd9caffbf66a1_iyih.jpg,"32,900원"
54,SP04,고구마,SP,건고구마줄기 1KG/국산,http://jangfood1.hgodo.com/shop/external/fix/md/itemImg/2020/02/24/480//20200224090600d26f197002e540c2bda31f9db5452118_savt.jpg,"44,000원"
55,EM00,팽이버섯,EM,팽이버섯(대) 1EA/국산,http://jangfood1.hgodo.com/shop/external/fix/md/itemImg/2024/02/29/383//2024022910334005fe3933e17b47c8a1b09d453ce38d25_dwei.jpg,990원
56,EM01,팽이버섯,EM,팽이버섯(대) 1EA/국산  BOX (14),http://jangfood1.hgodo.com/shop/external/fix/md/itemImg/2024/03/19/842//20240319125540dffdf81c05e4478a98c7e5ac40beeba8_c137.jpg,"12,590원"
57,EM02,팽이버섯,EM,팽이버섯(파지) 2KG/자연영농조합법인,http://jangfood1.hgodo.com/shop/external/fix/md/itemImg/2024/08/01/837//20240801083205619a66ed226b4cb292bd683bd53e3a00_8bk2.jpg,"7,500원"
58,EM03,팽이버섯,EM,팽이버섯A/국산,http://jangfood1.hgodo.com/shop/external/fix/md/itemImg/2024/08/01/036//202408010837353bc4481a75b84ef1ae3fa074f59c534a_65sq.jpg,490원
59,EM04,팽이버섯,EM,팽이버섯A/국산  BOX (34),http://jangfood1.hgodo.com/shop/external/fix/md/itemImg/2023/01/18/177//20230118101605ee0199a465bf4d06b5d72d840c7f0a39_rwlu.jpg,"11,590원"
60,KM00,새송이버섯,KM,꼬마새송이버섯(튀김) 400G/자연영농조합법인,http://jangfood1.hgodo.com/shop/external/fix/md/itemImg/2022/10/11/460//20221011130415c75703ac923141ab84933f5219e14976_gkdl.jpg,"1,900원"
61,KM01,새송이버섯,KM,새송이버섯 1팩/자연영농조합법인,http://jangfood1.hgodo.com/shop/external/fix/md/itemImg/2023/03/18/798//202303181434555e8f5760950d4ac8a1bc4a373d49f56d_qi4r.jpg,"1,590원"
62,KM02,새송이버섯,KM,새송이버섯 1팩(3입)/국산,http://jangfood1.hgodo.com/shop/external/fix/md/itemImg/2025/01/07/790//20250107093740ab7e0d85f8dc4d1490dc85ee7cbe8182_y7yj.jpg,"2,990원"
63,KM03,새송이버섯,KM,엄지새송이버섯(슬라이스) 1봉(1KG)/국산,http://jangfood1.hgodo.com/shop/external/fix/md/itemImg/2025/04/23/498//20250423101715809c2fccad2544e58b8c46aa4b932bea_xz8d.jpg,"4,990원"
64,KM04,새송이버섯,KM,새송이버섯(슬라이스) 1봉(2KG)/국산,http://jangfood1.hgodo.com/shop/external/fix/md/itemImg/2020/05/01/722//202005011511005ef7028d957e407aa6e7d109be92c7cb_w6g9.jpg,"5,990원"
65,SM00,표고버섯,SM,건표고버섯(슬) 500G/진미식품(주),http://jangfood1.hgodo.com/shop/external/fix/img/food/sub01//20190430114250122553ad7d354f11bbb761fd74e55939_uieq.jpg,"11,200원"
66,SM01,표고버섯,SM,표고버섯(홀) 2.8KG/(주)화풍하이큐,http://jangfood1.hgodo.com/shop/external/fix/md/itemImg/2022/09/14/687//202209140926551443860e22224c2cb87f3d7b47d235e8_lygj.jpg,"6,600원"
67,SM02,표고버섯,SM,표고버섯(홀) 2.8KG/(주)화풍하이큐  BOX (6),http://jangfood1.hgodo.com/shop/external/fix/md/itemImg/2024/05/02/938//20240502121325341ee79ae2f942fcab4b902c9f9610b7_qksj.jpg,"37,200원"
68,SM03,표고버섯,SM,표고버섯(상) 1KG/국산,http://jangfood1.hgodo.com/shop/external/fix/img/food/sub01//20190430113925105bd111662e4be7a3cce0d5b52c04e8_zrgh.jpg,"11,500원"
69,SM04,표고버섯,SM,표고버섯 4KG/중국산,http://jangfood1.hgodo.com/shop/external/fix/md/itemImg/2021/01/21/975//202101211126000ab5ab22aa1a42f5b0c43e493b93118e_t15r.jpg,"29,900원"
70,TF00,두부,TF,하루두부한모(반판두부) 3KG/통일식품,http://jangfood1.hgodo.com/shop/external/fix/md/itemImg/2021/09/30/104//202109301522209ce8b5ffd7e7456ca76cb19a981fb582_piys.jpg,"6,000원"
71,TF01,두부,TF,가벼운고단백두부면(얇은면) 100G/씨제이제일제당(주),http://jangfood1.hgodo.com/shop/external/fix/md/itemImg/2022/03/25/778//2022032514342592e4e1f295124cd799aacfa6c15c70ab_9o14.jpg,"2,700원"
72,TF02,두부,TF,가벼운고단백두부면(넓은면) 100G/씨제이제일제당(주),http://jangfood1.hgodo.com/shop/external/fix/md/itemImg/2022/03/29/004//20220329101530e1fc68617cfc4611b0b03b3ed7f6d485_8n5l.jpg,"2,700원"
73,TF03,두부,TF,푸주(유바) 163G/중국,http://jangfood1.hgodo.com/shop/external/fix/md/itemImg/2023/04/18/727//202304181456257174e4e81a6a42a2a832fa048c9d7683_1ufh.jpg,"3,750원"
74,TF04,두부,TF,건두부(포두부) 500G/농다원,http://jangfood1.hgodo.com/shop/external/fix/md/itemImg/2023/09/04/952//2023090415093018f715dd33b242d993c1f8e873d33123_6x4n.jpg,"9,800원"
75,KJ00,곤약,KJ,면곤약 800G/(주)대신물산,http://jangfood1.hgodo.com/shop/external/fix/img/food/sub01//20190430104239029c8b978dbb44d49eb02fc042faaf27_186l.jpg,"3,200원"
76,KJ01,곤약,KJ,면곤약 800G/(주)대신물산  BOX (10),http://jangfood1.hgodo.com/shop/external/fix/md/itemImg/2024/08/10/104//202408101317358de9bd8dbbeb46bfafb495da6e9df707_agym.jpg,"30,000원"
77,KJ02,곤약,KJ,묵곤약 500G/(주)대신물산,http://jangfood1.hgodo.com/shop/external/fix/md/itemImg/2023/02/06/007//20230206151835b496c15120c743cf92a0963b6e53ab69_v7uv.jpg,"1,500원"
78,KJ03,곤약,KJ,묵곤약 500G/(주)대신물산  BOX (20),http://jangfood1.hgodo.com/shop/external/fix/md/itemImg/2024/08/13/617//20240813115745245ef725840846f4a0a8c2f36933b6d1_wwx7.jpg,"28,200원"
79,KJ04,곤약,KJ,샐러드곤약 800G/(주)대신물산,http://jangfood1.hgodo.com/shop/external/fix/img/food/sub01//20190430105401948eaf451573431881907ead8dff9aa2_akin.jpg,"3,350원"
80,BS00,콩나물,BS,두절콩나물(중국산콩) 3KG,http://jangfood1.hgodo.com/shop/external/fix/md/itemImg/2022/11/30/596//20221130100245b289126134f5422fbf0abde9c1d67825_pnf8.jpg,"7,000원"
81,BS01,콩나물,BS,굵은콩나물 1KG/샘이랑,http://jangfood1.hgodo.com/shop/external/fix/md/itemImg/2025/05/27/323//202505271643151bcaf4ba95024a1a984bf34e10396755_qecd.jpg,"1,950원"
82,BS02,콩나물,BS,국산100%콩나물 300G/샘이랑,http://jangfood1.hgodo.com/shop/external/fix/md/itemImg/2021/11/09/778//202111090939152411dfe8333148abb0ccd4a8f0b149a8_gytt.jpg,"1,700원"
83,BS03,콩나물,BS,맛이좋아몸에좋은콩나물 500G/샘이랑,http://jangfood1.hgodo.com/shop/external/fix/md/itemImg/2021/11/09/261//2021110909392081419a339ba945f1abc2aba9982faff5_2m7k.jpg,"1,700원"
84,BS04,콩나물,BS,두절콩나물(중국산콩) 1KG,http://jangfood1.hgodo.com/shop/external/fix/md/itemImg/2019/06/01/420//20190601000530ad3aebd0fc494889ad86c82b1ea1afd0_pbjs.jpg,"2,500원"
85,CA00,양배추,CA,양배추(특) 1/2EA,http://jangfood1.hgodo.com/shop/external/fix/md/itemImg/2021/01/20/273//20210120164200d26595054e574dd6afd1e51fe371dbd0_jqwu.jpg,"1,790원"
86,CA01,양배추,CA,양배추 1/4EA/국산,http://jangfood1.hgodo.com/shop/external/fix/md/itemImg/2021/01/18/344//20210118135315ed947938b9cb4e3886fb9872bfdb0544_w6zd.jpg.jpg,"1,200원"
87,CA02,양배추,CA,양배추(대) 1EA/국산,http://jangfood1.hgodo.com/shop/external/fix/md/itemImg/2023/07/17/289//20230717093335dbb101b55d9b43e3b2db76cf2f74eb0a_1xva.jpg,"2,590원"
88,CA03,양배추,CA,양배추(40.국내산) 1망/국산,http://jangfood1.hgodo.com/shop/external/fix/img/food/sub01//20190430113813bd238d849bbf45d3b241a1322e29a049_sgjk.jpg,"6,900원"
89,CA04,양배추,CA,양배추슬라이스(채칼) 1EA/국산,http://jangfood1.hgodo.com/shop/external/fix/img/Kitchenware/sub02/03//20190430110008446bfa672ff144bba6bf515977373517_xaht.jpg,"13,700원"
90,CU00,오이,CU,미니오이 1봉/국산,http://jangfood1.hgodo.com/shop/external/fix/md/itemImg/2024/06/11/061//20240611143620e98d0e3bef064eecad2f2b95d1cff18a_dm1j.jpg,"1,990원"
91,CU01,오이,CU,가시오이 5입/국산,http://jangfood1.hgodo.com/shop/external/fix/md/itemImg/2021/08/26/772//2021082616114566586b7a4b9147fc878e54707447fa2c_5jlr.jpg,"4,090원"
92,CU02,오이,CU,가시오이 2입/국산,http://jangfood1.hgodo.com/shop/external/fix/md/itemImg/2021/08/27/705//20210827123310a55dc3f3cbd64c3fb33a34768fe47968_2jbv.jpg,"2,290원"
93,CU03,오이,CU,백오이 2입/국산,http://jangfood1.hgodo.com/shop/external/fix/md/itemImg/2021/08/27/679//2021082712300573101201161e453384d27ceec350d4f8_ltgn.jpg,"2,390원"
94,CU04,오이,CU,백오이/소(특 경매) 1BOX,http://jangfood1.hgodo.com/shop/external/fix/img/food/sub01//20190430113747863b3faffa1c4a9e9d7ba8060dfd831c_7s5b.jpg,"25,900원"
95,ZU00,호박,ZU,쥬키니호박 5입/국산,http://jangfood1.hgodo.com/shop/external/fix/md/itemImg/2023/04/13/442//202304131602108355a155c7fd42749566fe30399ebfd6_bgvp.jpg,"4,890원"
96,ZU01,호박,ZU,쥬키니호박 3입/국산,http://jangfood1.hgodo.com/shop/external/fix/md/itemImg/2023/04/13/787//202304131602206a8de4ad91cd400b814f6e7ea2bc3c67_8vdi.jpg,"3,390원"
97,ZU02,호박,ZU,쥬키니호박 1입/국산,http://jangfood1.hgodo.com/shop/external/fix/md/itemImg/2023/04/13/931//20230413160225d54e7b56f4a4408c8077275244e0e618_vcdl.jpg,"1,890원"
98,ZU03,호박,ZU,쥬키니(특 경매) 10KG,http://jangfood1.hgodo.com/shop/external/fix/img/food/sub01//201904301139189f8ac1a66cd046389fce3c259563a93e_mls1.jpg,"12,900원"
99,ZU04,호박,ZU,애호박(특) 1EA/국산,http://jangfood1.hgodo.com/shop/external/fix/md/itemImg/2024/08/05/417//2024080516232560104d3b09614516bcf4a72baeaab0b2_nflq.jpg,"1,290원"
100,RI00,쌀,RI,선산메뚜기쌀 20KG,http://jangfood1.hgodo.com/shop/external/fix/md/itemImg/2023/09/04/309//20230904132235c1563fe5265841a7b72c5f407ce074ee_bjs4.jpg,"55,000원"
101,RI01,쌀,RI,안계향토쌀 10kg,http://jangfood1.hgodo.com/shop/external/fix/md/itemImg/2019/11/20/354//2019112013532571babdbeeccb47c697b59406f07612d9_njy6.jpg,"31,000원"
102,RI02,쌀,RI,가실풍경미 10KG/화원RPC,http://jangfood1.hgodo.com/shop/external/fix/md/itemImg/2019/11/20/182//201911201405207da842a680834b1f9c60a35785ed91fe_7ehc.jpg,"29,000원"
103,RI03,쌀,RI,옥토진미(신동진쌀) 20KG/회현농협,http://jangfood1.hgodo.com/shop/external/fix/md/itemImg/2024/10/29/990//20241029145325e3b52a2350834610a9771bf97749ffd2_a41m.jpg,"57,500원"
104,RI04,쌀,RI,황금안계쌀(일품) 20KG/안계RPC,http://jangfood1.hgodo.com/shop/external/fix/md/itemImg/2023/03/28/534//20230328092640370583520329433b9f15947e758730c5_rfl8.jpg,"57,500원"
105,MG00,잡곡,MG,병아리콩 1KG/영천농산,http://jangfood1.hgodo.com/shop/external/fix/md/itemImg/2019/12/09/073//2019120916315567ce200ea7544a3eb63ccf9c6825169c_srae.jpg,"3,850원"
106,MG01,잡곡,MG,흰강낭콩 1KG/영천농산/캐나다,http://jangfood1.hgodo.com/shop/external/fix/md/itemImg/2024/07/29/645//202407291302300976ac48b40641e381a60ab35376e9c2_jltn.jpg,"4,300원"
107,MG02,잡곡,MG,찹쌀 1KG/월드그린/국산,http://jangfood1.hgodo.com/shop/external/fix/md/itemImg/2021/08/13/169//2021081309190026f2f9906b074a3fbbd02dc61333d6da_bfvt.jpg,"5,500원"
108,MG03,잡곡,MG,찹쌀 1KG/월드그린/국산  BOX (10),http://jangfood1.hgodo.com/shop/external/fix/md/itemImg/2025/03/14/873//2025031414592532eb8075a89b4388bcb00da9e5a90d68_jk9i.jpg,"51,500원"
109,MG04,잡곡,MG,찰흑미 1KG/월드그린/국산,http://jangfood1.hgodo.com/shop/external/fix/md/itemImg/2025/03/14/814//202503141453506344395f744344938a2d37d6ca37f881_svs9.jpg,"5,950원"
110,LM00,레몬,LM,레몬 1봉(8~12입)/미국,http://jangfood1.hgodo.com/shop/external/fix/md/itemImg/2025/04/10/221//20250410135345bf17bb7acb0541de94542c7ac94663f5_bnm8.jpg,"5,300원"
111,LM01,레몬,LM,레몬 1팩(10입)/미국,http://jangfood1.hgodo.com/shop/external/fix/md/itemImg/2019/06/03/567//201906031458151f209d14921346759b0cb9457a418805_ntfg.jpg,"6,100원"
112,LM02,레몬,LM,레몬 1팩(5입)/미국,http://jangfood1.hgodo.com/shop/external/fix/md/itemImg/2019/06/03/428//20190603145635ae355b8a1a894cd1a79d8e91b8a7709e_uufe.jpg,"3,400원"
113,LM03,레몬,LM,레몬 1BOX/미국,http://jangfood1.hgodo.com/shop/external/fix/md/itemImg/2023/01/18/721//2023011810274044315954908640c08bff13245f978685_xtax.jpg,"75,300원"
114,LM04,레몬,LM,라임 3입/멕시코,http://jangfood1.hgodo.com/shop/external/fix/md/itemImg/2021/01/04/420//2021010408001596cf0a1deeb844c2a1b16e388885e562_umub.jpg,"3,900원"
115,AP00,사과,AP,사과(3다이) 3입/국산,http://jangfood1.hgodo.com/shop/external/fix/md/itemImg/2020/09/02/705//20200902133045fb9e5e3af9d644faafd5e5032b68948a_xrpq.jpg,"17,200원"
116,AP01,사과,AP,사과 5KG/국산,http://jangfood1.hgodo.com/shop/external/fix/md/itemImg/2022/04/12/684//202204121217202163f5810a9d43eaa7c27dedb3789f9a_m94v.jpg,"51,900원"
117,AP02,사과,AP,사과(5다이) 20KG,http://jangfood1.hgodo.com/shop/external/fix/md/itemImg/2022/05/07/461//202205071158001002ce4dc0c246fa9cb88c24d1a25e13_dewp.jpg,"187,000원"
118,AP03,사과,AP,알뜰사과 1봉/국산,http://jangfood1.hgodo.com/shop/external/fix/md/itemImg/2020/04/28/509//20200428151205fbb8505176124d2fbe5ce957514e630c_bath.jpg,"13,900원"
119,AP04,사과,AP,사과(3다이) 1입/국산,http://jangfood1.hgodo.com/shop/external/fix/md/itemImg/2020/09/03/484//2020090312490580c003d556f94684a95616bf278dc9e4_joxp.jpg,"5,900원"
120,PB00,삼겹살,PB,돈육돼지/삼겹살 100G/국산,http://jangfood1.hgodo.com/shop/external/fix/md/itemImg/2021/02/25/552//20210225154525bf14b736a0b349d7b107d3f1e5929bc6_b9cq.jpg,"2,300원"
121,PB01,삼겹살,PB,돈육돼지/삼겹살(숯불구이용) 100G/국산,http://jangfood1.hgodo.com/shop/external/fix/md/itemImg/2021/02/19/445//20210219144010aa99ffecf68d4878a853c1e94f8ecac0_5b7a.jpg,"2,250원"
122,PB02,삼겹살,PB,돈육돼지/대패삼겹(냉동) 500G/오스트리아,http://jangfood1.hgodo.com/shop/external/fix/md/itemImg/2021/04/19/809//2021041915093009501864d30143caa5c9ecebb6cb510b_fxvw.jpg,"6,250원"
123,PB03,삼겹살,PB,돈육돼지/삼겹살(냉동) 1KG/오스트리아,http://jangfood1.hgodo.com/shop/external/fix/md/itemImg/2021/04/19/098//202104191512100ad24a2d1c4c488ba5e90bb349fc34e3_5idu.jpg,"12,500원"
124,PB04,삼겹살,PB,돈육돼지/삼겹살(냉동) 500G/오스트리아,http://jangfood1.hgodo.com/shop/external/fix/md/itemImg/2021/04/19/181//202104191502558da6a26867ed42ea8013e1667516ec71_gylf.jpg,"6,250원"
125,HA00,햄,HA,런천미트 200G/롯데,http://jangfood1.hgodo.com/shop/external/fix/md/itemImg/2021/02/16/111//2021021609075034cfd956834145bd9b2d622aff00c838_9cjc.jpg,"2,600원"
126,HA01,햄,HA,런천미트 340G/롯데,http://jangfood1.hgodo.com/shop/external/fix/md/itemImg/2022/03/11/299//20220311151845dbdff4d8185b4727b792e5c40bfc67e8_3pca.jpg,"3,200원"
127,HA02,햄,HA,런천미트 340G/롯데  BOX (24),http://jangfood1.hgodo.com/shop/external/fix/md/itemImg/2022/03/11/620//20220311152250f357a61fec1e49bc80de109f9e3baf76_5ihh.jpg,"72,000원"
128,HA03,햄,HA,런천미트 340G/한성,http://jangfood1.hgodo.com/shop/external/fix/img/processed_food/sub06/01//20190430104038c7d5916203194dcbab5652aa89a05149_aqz5.jpg,"2,050원"
129,HA04,햄,HA,리챔오리지널 340G/동원,http://jangfood1.hgodo.com/shop/external/fix/md/itemImg/2025/03/07/998//20250307125620226150b777114fe694e5335045108da7_lel5.jpg,"6,300원"
130,CT00,닭다리살,CT,IQF닭북채 1KG/(주)다솔,http://jangfood1.hgodo.com/shop/external/fix/md/itemImg/2022/05/06/623//202205061501303841bcd7fcaf4b299ef9763e1acf2947_ji8a.jpg,"11,800원"
131,CT01,닭다리살,CT,IQF닭북채 1KG/(주)다솔  BOX (10),http://jangfood1.hgodo.com/shop/external/fix/md/itemImg/2024/05/16/364//202405161552009b0c1a0874aa423cbe24af7de4e735f6_d2tb.jpg,"110,000원"
132,CT02,닭다리살,CT,무항생제북채 400G/(주)농협목우촌,http://jangfood1.hgodo.com/shop/external/fix/md/itemImg/2024/01/30/999//202401301351209c08d3c422894a97a37337efd6ac3315_ah4f.jpg,"7,500원"
133,CT03,닭다리살,CT,닭다리살꼬치 400G(10입)/㈜우리식품,http://jangfood1.hgodo.com/shop/external/fix/md/itemImg/2025/03/28/676//20250328134810d3a7424930204a4da9cb31fe39cad4cb_er1m.jpg,"8,500원"
134,CT04,닭다리살,CT,무항생제닭다리살(정육) 400G/(주)농협목우촌,http://jangfood1.hgodo.com/shop/external/fix/md/itemImg/2024/01/30/721//202401300931302afbc778bcae42e282e89c5d20957475_1fla.jpg,"8,100원"
135,CB00,닭가슴살,CB,닭가슴살 2KG/㈜우리식품,http://jangfood1.hgodo.com/shop/external/fix/img/food/sub04//201904301036030271bd99a83f44b19ff1adbc13b0cead_2yct.jpg,"14,700원"
136,CB01,닭가슴살,CB,닭가슴살 2KG/㈜우리식품  BOX (6),http://jangfood1.hgodo.com/shop/external/fix/md/itemImg/2023/02/09/154//20230209163400d36913597f20486596d53daeac7f76e2_8tla.jpg,"82,500원"
137,CB02,닭가슴살,CB,싱싱닭가슴살 2KG/버드,http://jangfood1.hgodo.com/shop/external/fix/img/food/sub04//20190430105830f3c913dcfeac4df6abc9a006f7971b00_vso5.jpg,"13,800원"
138,CB03,닭가슴살,CB,싱싱닭가슴살 2KG/버드  BOX (6),http://jangfood1.hgodo.com/shop/external/fix/md/itemImg/2023/02/11/719//202302111335105f341dcc9bc54609883d1308e29db109_jaie.jpg,"77,300원"
139,CB04,닭가슴살,CB,IQF닭가슴살 1KG/(주)다솔,http://jangfood1.hgodo.com/shop/external/fix/md/itemImg/2022/05/06/083//20220506152306aa14d7d676b244e1bcd7c94b080917dc_lqml.jpg,"10,900원"
140,EG00,계란,EG,계란(싱싱알찬란 대란) 1판,http://jangfood1.hgodo.com/shop/external/fix/md/itemImg/2025/04/04/787//2025040409284076936fe7e5ca474fa29b963d2debddd5_scwc.jpg,"7,650원"
141,EG01,계란,EG,계란(싱싱알찬란 특란) 1판,http://jangfood1.hgodo.com/shop/external/fix/img/food/sub04//20190430103032d03ae9fa0b924a1c90effe175c975ee5_zbuc.jpg,"8,000원"
142,EG02,계란,EG,무항생제로키운1등급통통신선란 25구/풀무원식품(주),http://jangfood1.hgodo.com/shop/external/fix/md/itemImg/2021/07/07/197//202107071350068d85b8e8038f43d0ad21f74407f60dd4_9rfp.jpg,"13,500원"
143,EG03,계란,EG,1등급생생란(대란) 15구/(주)농협목우촌,http://jangfood1.hgodo.com/shop/external/fix/md/itemImg/2024/07/12/576//20240712083830a470124aab5f47579847e908508294d6_cxlx.jpg,"8,800원"
144,EG04,계란,EG,경산대추유정란(대란) 10구/㈜푸른,http://jangfood1.hgodo.com/shop/external/fix/md/itemImg/2024/06/14/573//2024061409283570484953204148bea3551ed50ded010f_d4tl.jpg,"4,300원"
145,CF00,닭발,CF,뼈있는닭발 1KG/㈜우리식품,http://jangfood1.hgodo.com/shop/external/fix/md/itemImg/2024/12/03/775//20241203122340b79e3ff33ed841c0a7bb34a48f394775_emso.jpg,"6,700원"
146,CF01,닭발,CF,뼈있는닭발 1KG/㈜우리식품  BOX (15),http://jangfood1.hgodo.com/shop/external/fix/md/itemImg/2024/12/03/794//202412031224208aee42bd6dd64a4e8548bf31b623ece6_7s4f.jpg,"94,000원"
147,CF02,닭발,CF,무뼈닭발 200G/국산,http://jangfood1.hgodo.com/shop/external/fix/md/itemImg/2024/08/14/110//20240814131810374032288e4f4900bf2eb84c3e0ee660_knsh.jpg,"3,750원"
148,CF03,닭발,CF,무뼈닭발 200G/국산  BOX (50),http://jangfood1.hgodo.com/shop/external/fix/md/itemImg/2024/08/14/223//2024081413190507a231f56aba4336be39cffcba9faf3b_98v7.jpg,"175,000원"
149,CF04,닭발,CF,무뼈닭발 900G/국산,http://jangfood1.hgodo.com/shop/external/fix/md/itemImg/2024/01/02/733//2024010209164588be4f54c2a84d119f11100e7d1f40e1_czdn.jpg,"13,500원"
150,BF00,우육전각,BF,우육전각/불고기(냉동) 1KG/호주,http://jangfood1.hgodo.com/shop/external/fix/md/itemImg/2021/02/10/338//2021021013450022dee040cef04cfc9a71d4aca1d9ce37_wmh9.jpg,"14,500원"
151,BF01,우육전각,BF,우육전각/국거리(냉동) 1KG/호주,http://jangfood1.hgodo.com/shop/external/fix/md/itemImg/2021/02/10/108//20210210134735c136a1915ecb43d08e98b830b3b14ec3_o2zw.jpg,"14,500원"
152,BF02,우육전각,BF,우육전각/불고기(냉동) 100G/호주,http://jangfood1.hgodo.com/shop/external/fix/md/itemImg/2021/03/25/095//2021032512204065b684fa1ed1467a85cc5aae86bb3417_zhcu.jpg,"1,450원"
153,BF03,우육전각,BF,우육전각/국거리(냉동) 100G/호주,http://jangfood1.hgodo.com/shop/external/fix/md/itemImg/2021/03/25/226//20210325121215ebf61e463e794b33bba736de388da595_mac1.jpg,"1,450원"
154,BF04,우육전각,BF,우육전각/냉동다짐육 400G/호주,http://jangfood1.hgodo.com/shop/external/fix/md/itemImg/2021/02/18/873//2021021809321549961471aa6c4376a11813189ee75933_ho2l.jpg,"5,800원"
155,MK00,고등어,MK,유동고등어통조림 400G/유성물산교역(주),http://jangfood1.hgodo.com/shop/external/fix/md/itemImg/2025/03/12/217//2025031210270011f2c5a051e3409bbdacc34dc53b5d39_8s33.jpg,"2,900원"
156,MK01,고등어,MK,냉동고등어 10KG,http://jangfood1.hgodo.com/shop/external/fix/img/food/sub05/01//20190430103503c3fd79a4f23b4c62a39b5a4df921d97d_xts9.jpg,"48,000원"
157,MK02,고등어,MK,손질고등어(조림용) 1kg/해조은,http://jangfood1.hgodo.com/shop/external/fix/md/itemImg/2020/01/31/043//202001310922257753d44809f942ff9e6d50825cecf0ee_zz4i.jpg,"6,150원"
158,MK03,고등어,MK,손질고등어(조림용) 1kg/해조은  BOX (12),http://jangfood1.hgodo.com/shop/external/fix/md/itemImg/2024/08/14/946//20240814143925b4123bbc9bbe4c528a7b9b610e5a9bba_fw26.jpg,"69,000원"
159,MK04,고등어,MK,순살고등어 1KG,http://jangfood1.hgodo.com/shop/external/fix/md/itemImg/2023/08/09/548//20230809084440573663fa32a54cc6badf35de9da9c69d_shc8.jpg,"13,500원"
160,PO00,명태,PO,동태(8통) 21.5KG,http://jangfood1.hgodo.com/shop/external/fix/img/food/sub05/01//20190430103828503cbc79bbe244e28a0a8909a0c5fba6_bnr3.jpg,"52,000원"
161,PO01,명태,PO,동태절단 1KG,http://jangfood1.hgodo.com/shop/external/fix/md/itemImg/2022/07/02/948//202207020909353a8e119d8bcd4f8e9d509f06efa2ab73_ok4v.jpg,"5,100원"
162,PO02,명태,PO,동태절단 1KG  BOX (10),http://jangfood1.hgodo.com/shop/external/fix/md/itemImg/2023/02/13/522//2023021316491557b93872e483422ba5c85fd5b9c00059_qlq2.jpg,"47,700원"
163,PO03,명태,PO,동태절단 5KG,http://jangfood1.hgodo.com/shop/external/fix/md/itemImg/2022/07/02/767//20220702091035859dd22becd24f468f940631b3fe0daf_jjds.jpg,"21,800원"
164,PO04,명태,PO,동태절단 5KG  BOX (2),http://jangfood1.hgodo.com/shop/external/fix/md/itemImg/2023/02/13/712//2023021307352056996d14b74a4461b1c8dadf25ccfbe0_srr2.jpg,"40,400원"
165,YC00,조기,YC,손질조기(P) 1미/브라질,http://jangfood1.hgodo.com/shop/external/fix/md/itemImg/2024/07/31/075//2024073113010026c0d69f833d4441a931e1c7ba161c31_99a3.jpg,"7,900원"
166,YC01,조기,YC,백조기 10미/국산,http://jangfood1.hgodo.com/shop/external/fix/md/itemImg/2024/02/15/169//20240215125150311b188f63334c5297356c5854d97cae_6rbv.jpg,"9,900원"
167,YC02,조기,YC,백조기 10미/국산  BOX (10),http://jangfood1.hgodo.com/shop/external/fix/md/itemImg/2024/02/15/687//20240215125145d2ffeb93756346da875aa1da4e176821_b9f2.jpg,"93,000원"
168,YC03,조기,YC,민어조기(가이석태) 10미,http://jangfood1.hgodo.com/shop/external/fix/md/itemImg/2024/01/30/078//20240130150105e38bd54a1bab4bc5b13e09cb3af70e40_qinq.jpg,"12,900원"
169,YC04,조기,YC,민어조기(가이석태) 10미  BOX (5),http://jangfood1.hgodo.com/shop/external/fix/md/itemImg/2024/01/30/380//20240130131155355c1e98da584676a0f2049b7bd6a8d4_geru.jpg,"59,500원"
170,SH00,새우,SH,두절새우(대) 800G/(주)고려코퍼레이션,http://jangfood1.hgodo.com/shop/external/fix/img/food/sub05/02//20190430103938871fe765c00b4677b335bfa63f43ae30_edfh.jpg,"28,800원"
171,SH01,새우,SH,보리새우 400G/진미식품(주),http://jangfood1.hgodo.com/shop/external/fix/md/itemImg/2025/03/06/522//202503060925004064912e6d4942debbe32c941fb9d85a_lp9u.jpg,"7,300원"
172,SH02,새우,SH,건새우 300G/국산,http://jangfood1.hgodo.com/shop/external/fix/md/itemImg/2023/02/22/823//2023022214551072dedac383694982a8620e66a5dee47b_9ewu.jpg,"6,300원"
173,SH03,새우,SH,수염새우 150G/진미식품(주),http://jangfood1.hgodo.com/shop/external/fix/md/itemImg/2022/03/22/235//20220322154635424354bdff8c43e6b2b5d400a7890aaf_he9p.jpg,"4,300원"
174,SH04,새우,SH,수염새우 400G/진미식품(주),http://jangfood1.hgodo.com/shop/external/fix/img/food/sub05/02//20190430105411a9b0735276f94832b3d35314e178b83c_fndo.jpg,"9,800원"
175,SQ00,오징어,SQ,불고기맛버터구이 30G/한양,http://jangfood1.hgodo.com/shop/external/fix/md/itemImg/2024/07/29/408//20240729150700be830ad91682460bb59ceafd60055dea_45oj.jpg,"4,000원"
176,SQ01,오징어,SQ,선동오징어 2미/국산,http://jangfood1.hgodo.com/shop/external/fix/md/itemImg/2024/08/02/411//202408021326002863a76f18da4e34bdc7dbfdd9184a53_fh1l.jpg,"18,500원"
177,SQ02,오징어,SQ,선동오징어 2미/국산  BOX (10),http://jangfood1.hgodo.com/shop/external/fix/md/itemImg/2024/08/02/629//20240802132700bad7f910bf8942ef8971b38f8ff6d18e_pvlc.jpg,"174,800원"
178,SQ03,오징어,SQ,오징어(L) 2미,http://jangfood1.hgodo.com/shop/external/fix/md/itemImg/2025/04/16/570//202504161226257bcdc517cc844fa08025be19b30d41cd_osmn.jpg,"17,700원"
179,SQ04,오징어,SQ,오징어(L) 2미  BOX (10),http://jangfood1.hgodo.com/shop/external/fix/md/itemImg/2025/04/16/726//20250416122805ef5f8768b37941f597a47526bc1ffa79_mi1o.jpg,"164,500원"
180,AC00,멸치,AC,다시멸치 130G,http://jangfood1.hgodo.com/shop/external/fix/img/food/sub05/02//2019043010354651bbf8e7189741c7ab33d8a24c630aab_xpud.jpg,"3,600원"
181,AC01,멸치,AC,다시멸치 350G,http://jangfood1.hgodo.com/shop/external/fix/img/food/sub05/02//2019043010354828755a7b7375405c87dd606f0a57dac8_xu2b.jpg,"7,600원"
182,AC02,멸치,AC,지리멸치 1.5KG/국산,http://jangfood1.hgodo.com/shop/external/fix/img/food/sub05/01//201904301110368827b9d071c04b2c962b532278b408db_zwgf.jpg,"29,500원"
183,AC03,멸치,AC,가이리멸치(상) 1.5KG/국산,http://jangfood1.hgodo.com/shop/external/fix/md/itemImg/2019/06/13/472//201906131619400193d1d2a99c4492ad0f3b0f2dcbf4c7_6m63.jpg,"28,000원"
184,AC04,멸치,AC,가이리멸치 400G,http://jangfood1.hgodo.com/shop/external/fix/md/itemImg/2024/08/05/209//202408051023255133cfca606f4e5184db64d7309edb5d_p3xm.jpg,"12,900원"
185,SO00,낙지,SO,오돌낙지(200-300) 850G,http://jangfood1.hgodo.com/shop/external/fix/md/itemImg/2019/07/08/687//20190708081150d9b8c22712db484cb6550d0ade66825f_ykkw.jpg,"10,700원"
186,SO01,낙지,SO,오돌낙지(200-300) 850G  BOX (6),http://jangfood1.hgodo.com/shop/external/fix/md/itemImg/2023/02/11/155//202302111345101e53df9abb4344aebeca7dc1f70983fb_mj33.jpg,"60,000원"
187,SO02,낙지,SO,오돌낙지(300UP) 830G,http://jangfood1.hgodo.com/shop/external/fix/md/itemImg/2025/05/09/646//2025050913513512252f9b412245058b580e2489c08ce7_ocmz.jpg,"10,700원"
188,SO03,낙지,SO,오돌낙지(300UP) 830G  BOX (6),http://jangfood1.hgodo.com/shop/external/fix/md/itemImg/2025/05/09/195//2025050913541026c9327d281c4dc5a026866803d38f4e_ikvl.jpg,"60,000원"
189,SO04,낙지,SO,절단낙지(M) 500G/인도네시아산,http://jangfood1.hgodo.com/shop/external/fix/img/food/sub05/01//20190430110716c11ff551d2c34e0faa59e5f090ef6705_r2gb.jpg,"6,200원"
190,SC00,가리비,SC,반가리비 180G/중국,http://jangfood1.hgodo.com/shop/external/fix/md/itemImg/2020/12/02/316//20201202130435806e68d724b54af7a18f2aa3d9376ad7_xi6a.jpg,"1,750원"
191,SC01,가리비,SC,반가리비 180G/중국  BOX (10),http://jangfood1.hgodo.com/shop/external/fix/md/itemImg/2020/12/04/243//20201204084540022aa95e80a44fe5ab9238faa06222f5_6xdb.jpg,"16,300원"
192,SC02,가리비,SC,냉동자숙가리비살(과세) 1KG,http://jangfood1.hgodo.com/shop/external/fix/md/itemImg/2024/05/10/124//202405101308052c1bf096f0394818b60836ce896618e5_k65l.jpg,"6,200원"
193,SC03,가리비,SC,냉동자숙가리비살(과세) 1KG  BOX (10),http://jangfood1.hgodo.com/shop/external/fix/md/itemImg/2024/05/10/088//202405101309505cbf327d03274ee1b7dc24b7b574f480_vkue.jpg,"58,300원"
194,SC04,가리비,SC,냉동가리비관자살 500G/중국,http://jangfood1.hgodo.com/shop/external/fix/md/itemImg/2024/03/26/594//20240326124050e13101b71a304d32ba3f6eca941b81c8_1uen.jpg,"7,500원"
195,WK00,골뱅이,WK,자연산골뱅이 400G/동원,http://jangfood1.hgodo.com/shop/external/fix/md/itemImg/2023/05/19/843//20230519103500583d7cd9dfde4843bbbed2da35908751_9ljr.jpg,"7,500원"
196,WK01,골뱅이,WK,자연산골뱅이 230G/동원,http://jangfood1.hgodo.com/shop/external/fix/md/itemImg/2019/10/12/654//201910120840450a8c98c78e6c4003bb74c5860aa5395d_ceal.jpg,"7,700원"
197,WK02,골뱅이,WK,유동자연산골뱅이 140G/유성물산교역(주),http://jangfood1.hgodo.com/shop/external/fix/md/itemImg/2024/07/02/477//20240702101225382ce71159f7410e9d9f3781e3d80f63_ahz7.jpg,"4,100원"
198,WK03,골뱅이,WK,유동자연산골뱅이 400G/유성물산교역(주),http://jangfood1.hgodo.com/shop/external/fix/img/processed_food/sub06/01//2019043011092559c0fd7e6393460d94bcaab121284f0c_e8u3.jpg,"11,200원"
199,WK04,골뱅이,WK,펭귄자연산골뱅이 140G/남일종합식품산업사,http://jangfood1.hgodo.com/shop/external/fix/md/itemImg/2022/09/01/158//202209010948445a881dc18b334992836acda96c7ac163_e4ov.jpg,"4,000원"
200,CL00,바지락,CL,피바지락 600G,http://jangfood1.hgodo.com/shop/external/fix/img/food/sub05/01//2019043011234740226def617047928886d86b054c4070_9u9b.jpg,"1,900원"
201,CL01,바지락,CL,피바지락 600G  BOX (10),http://jangfood1.hgodo.com/shop/external/fix/md/itemImg/2024/08/23/352//2024082310210078b4dcce2ef44f59a6f8756a7b4b5fb0_coa8.jpg,"17,300원"
202,CL02,바지락,CL,자숙바지락살(200-300) 900G,http://jangfood1.hgodo.com/shop/external/fix/md/itemImg/2021/10/05/227//20211005131010835a3426f20d4b90aee35216c0b80c60_zq8u.jpg,"6,800원"
203,CL03,바지락,CL,자숙바지락살(200-300) 900G  BOX (10),http://jangfood1.hgodo.com/shop/external/fix/md/itemImg/2024/05/31/885//202405311639451ddf289e553947b8a2b4b74693d67390_ajen.jpg,"62,900원"
204,CL04,바지락,CL,자숙바지락살(200-300) 250G,http://jangfood1.hgodo.com/shop/external/fix/md/itemImg/2025/04/21/526//20250421084735b36e2f6da9b3436fac13ccee6612fc3f_k2c9.jpg,"1,550원"
205,MU00,홍합,MU,그린홍합 800G,http://jangfood1.hgodo.com/shop/external/fix/md/itemImg/2024/05/17/895//20240517105205df5800e4474b4187b8f48c10012166c9_ictg.jpg,"14,300원"
206,MU01,홍합,MU,그린홍합 800G  BOX (12),http://jangfood1.hgodo.com/shop/external/fix/md/itemImg/2024/05/17/698//20240517105155d80ed762fbc4462fb672c1ec2ec6d0c5_iokv.jpg,"161,200원"
207,MU02,홍합,MU,자숙홍합살(100-200) 900G/중국,http://jangfood1.hgodo.com/shop/external/fix/md/itemImg/2023/03/14/751//20230314101650bca04eff9d92435d837883e8a38f2a4d_fnq3.jpg,"5,500원"
208,MU03,홍합,MU,자숙홍합살(100-200) 900G/중국  BOX (10),http://jangfood1.hgodo.com/shop/external/fix/md/itemImg/2024/04/16/024//2024041609151040e9067fc2ab423daca9adb8df87f3ad_wjrt.jpg,"52,000원"
209,MU04,홍합,MU,냉동생홍합살 300G/국산,http://jangfood1.hgodo.com/shop/external/fix/md/itemImg/2024/10/22/218//20241022104010aab7dee63bd74b52a786e86e08d02c28_nbpe.jpg,"6,200원"
210,LV00,김,LV,광천바다맛김가루 500G/바다식품,http://jangfood1.hgodo.com/shop/external/fix/md/itemImg/2024/08/08/283//202408081400107613e49f62b2415286e667190dbc0d6a_oevx.jpg,"16,200원"
211,LV01,김,LV,광천바다맛김가루 500G/바다식품  BOX (8),http://jangfood1.hgodo.com/shop/external/fix/md/itemImg/2024/08/08/908//202408081400551446ec6fdc95464eae5ccc527af836a5_ayrb.jpg,"125,000원"
212,LV02,김,LV,볶음김채가루 500G/한국협농,http://jangfood1.hgodo.com/shop/external/fix/md/itemImg/2024/09/20/987//2024092014184025fc44e376584b3281202d6d761f6a50_zpkt.jpg,"15,500원"
213,LV03,김,LV,김자반 1KG/한국협농,http://jangfood1.hgodo.com/shop/external/fix/md/itemImg/2022/05/16/821//2022051609314042d1edee3a1a4a1db7fe197db2efa2b8_3im1.jpg,"29,600원"
214,LV04,김,LV,해조궁돌김자반볶음 500G/신진씨앤푸드,http://jangfood1.hgodo.com/shop/external/fix/md/itemImg/2025/05/09/597//2025050913554015e39c09f2294f4b9eaedceb39dce4da_ktrm.jpg,"9,900원"
215,SW00,미역,SW,둥근미역 10입/삼원종합식품,http://jangfood1.hgodo.com/shop/external/fix/img/food/sub05/02//20190430103942b107a5d7c2444cae9f0f16bb2b278429_5cx6.jpg,"11,900원"
216,SW01,미역,SW,양반어린미역 45g/동원,http://jangfood1.hgodo.com/shop/external/fix/md/itemImg/2021/02/10/678//20210210102550fbf2cfd4d7554515a972a2e2e14d74dd_athu.jpg,"2,350원"
217,SW02,미역,SW,양반어린미역 90g/동원,http://jangfood1.hgodo.com/shop/external/fix/md/itemImg/2024/07/29/924//2024072915091546ea564d9dea44b7a21e5686cef10b66_v4yk.jpg,"4,100원"
218,SW03,미역,SW,옛날자른미역 50g/오뚜기,http://jangfood1.hgodo.com/shop/external/fix/md/itemImg/2024/09/03/076//2024090308203056e8191ad15347c78bea0694037506ff_zkki.jpg,"2,450원"
219,SW04,미역,SW,옛날자른미역 50g/오뚜기  BOX (30),http://jangfood1.hgodo.com/shop/external/fix/md/itemImg/2024/09/03/928//202409030821452df166e3e73540a9b1caaf0e11135b38_s37g.jpg,"68,900원"
220,KE00,다시마,KE,해조궁건다시마 100G/삼원종합식품,http://jangfood1.hgodo.com/shop/external/fix/img/food/sub05/02//201904301134371a82246985fb4f18969122df756368b5_bovf.jpg,"2,200원"
221,KE01,다시마,KE,해조궁건다시마 100G/삼원종합식품  BOX (50),http://jangfood1.hgodo.com/shop/external/fix/md/itemImg/2023/04/25/713//20230425145130bfef298fc9b349f2837febff772a0ec1_sbj2.jpg,"105,000원"
222,KE02,다시마,KE,사각다시마 500G/삼원종합식품,http://jangfood1.hgodo.com/shop/external/fix/md/itemImg/2021/06/11/804//20210611090505a7dc602d24b14e8982de5d8d3a68064d_fe8w.jpg,"13,900원"
223,KE03,다시마,KE,기장다시마 300G/삼원종합식품,http://jangfood1.hgodo.com/shop/external/fix/md/itemImg/2023/06/05/504//20230605144940ed318978f0fd44d8ab429f5509da021b_p7ct.jpg,"9,400원"
224,KE04,다시마,KE,건다시마 1KG/한국협농,http://jangfood1.hgodo.com/shop/external/fix/md/itemImg/2024/12/18/298//20241218085200f1caece1a943476e882c9b03156e1e05_rxef.jpg,"15,700원"
225,FR00,날치알,FR,아라찬날치알(골드) 900G/(주)영피쉬,http://jangfood1.hgodo.com/shop/external/fix/md/itemImg/2024/05/13/770//20240513155820dd17150f9aaf409a8c6235496a8dbcee_z7dz.jpg,"17,500원"
226,FR01,날치알,FR,아라찬날치알(골드) 900G/(주)영피쉬  BOX (20),http://jangfood1.hgodo.com/shop/external/fix/md/itemImg/2024/05/13/572//20240513155810dbc1a019de9e46518f9e5d8f8f93fa70_suxe.jpg,"330,400원"
227,FR02,날치알,FR,아라찬날치알(골드) 500G/(주)영피쉬,http://jangfood1.hgodo.com/shop/external/fix/md/itemImg/2024/05/13/022//202405131558000183f3c8fe014b4d84303f663f2a7dbe_3n38.jpg,"8,700원"
228,FR03,날치알,FR,아라찬날치알(골드) 500G/(주)영피쉬  BOX (20),http://jangfood1.hgodo.com/shop/external/fix/md/itemImg/2024/05/13/810//2024051315575438a4d30e25ad48ae9ad74fa6b2619b4e_vcsi.jpg,"162,500원"
229,FR04,날치알,FR,아라찬날치알(레드) 500G/(주)영피쉬,http://jangfood1.hgodo.com/shop/external/fix/md/itemImg/2024/05/13/101//20240513155740956c4e814514470e9d4d1b45e7cc7db7_cr3i.jpg,"8,700원"
230,SS00,간장,SS,국간장 0.9L/몽고,http://jangfood1.hgodo.com/shop/external/fix/md/itemImg/2024/02/01/270//20240201092750cc73c36ed47c4702af7744b5a9dd1649_zlwa.jpg,"4,500원"
231,SS01,간장,SS,국간장 1.8L/몽고,http://jangfood1.hgodo.com/shop/external/fix/md/itemImg/2024/02/01/090//202402010927409fd8c1baea604c4882b39e3b8e861285_tomb.jpg,"8,800원"
232,SS02,간장,SS,국간장 13L/몽고,http://jangfood1.hgodo.com/shop/external/fix/md/itemImg/2024/08/21/240//20240821090715ee2af99c3a6e4e9ca8f6517c449c6747_xbqw.jpg,"28,000원"
233,SS03,간장,SS,국간장 14L/샘표,http://jangfood1.hgodo.com/shop/external/fix/img/processed_food/sub01/01//201904301030577fb908684b8d4c5499dd7d6c51fde2e3_rozq.jpg,"22,400원"
234,SS04,간장,SS,기꼬만간장 1.8L/메트로통상,http://jangfood1.hgodo.com/shop/external/fix/img/processed_food/sub01/01//20190430103135c55cd9614c9345d6adb93be577a51324_n1kw.jpg,"8,700원"
235,DP00,된장,DP,구수한집된장 500G/해찬들,http://jangfood1.hgodo.com/shop/external/fix/md/itemImg/2024/12/09/651//2024120912541531dc91dd632245c19c37682b860d4263_tn8r.jpg,"6,100원"
236,DP01,된장,DP,순창궁콩재래된장 14kg/해표,http://jangfood1.hgodo.com/shop/external/fix/img/processed_food/sub01/01//20190430105543e7ef9f51d6b34b8d8ba2d5eee9440cc3_j4lh.jpg,"28,700원"
237,DP02,된장,DP,재래된장 2.7KG/옛맛뚝배기,http://jangfood1.hgodo.com/shop/external/fix/md/itemImg/2022/04/13/896//202204131608558e4314d1788342bf9c3c295afede2bda_b5an.jpg,"50,200원"
238,DP03,된장,DP,재래된장 450G/옛맛뚝배기,http://jangfood1.hgodo.com/shop/external/fix/img/processed_food/sub01/01//20190430110804931d7e33c11845dd96d75860150eaeae_8w7i.jpg,"10,700원"
239,DP04,된장,DP,재래된장 900G/옛맛뚝배기,http://jangfood1.hgodo.com/shop/external/fix/img/processed_food/sub01/01//20190430110805198edbeaa2b946b3a1281be01adc4b99_lbgd.jpg,"19,200원"
240,GP00,고추장,GP,명품고추장 3KG/청정원,http://jangfood1.hgodo.com/shop/external/fix/img/processed_food/sub01/02//20190430104538ee8e259efd1d4181821fb041c0f4f6a0_2fap.jpg,"21,400원"
241,GP01,고추장,GP,쇠고기볶음고추장 120g/움트리,http://jangfood1.hgodo.com/shop/external/fix/md/itemImg/2020/05/22/600//202005221403554c3b886f436847728327cc78accb6b4d_qvzc.jpg,"2,750원"
242,GP02,고추장,GP,순창궁우리햅쌀고추장 3kg/해표,http://jangfood1.hgodo.com/shop/external/fix/md/itemImg/2021/02/08/302//202102081504205e3384489b4e4ee29e8d552eb9995cc3_uptd.jpg,"24,200원"
243,GP03,고추장,GP,순창궁태양초고추장 6.5kg/해표,http://jangfood1.hgodo.com/shop/external/fix/img/processed_food/sub01/01//201904301055437bda2b0b1ce341ba82a6160e4e416b61_cmg1.jpg,"17,600원"
244,GP04,고추장,GP,순창궁태양초고추장 6.5kg/해표  BOX (2),http://jangfood1.hgodo.com/shop/external/fix/md/itemImg/2024/08/14/581//202408141528205ad39b312a05453786cad723b10a0a79_w4dd.jpg,"33,000원"
245,SA00,소금,SA,구운소금 1KG/백설,http://jangfood1.hgodo.com/shop/external/fix/img/processed_food/sub03/01//20190430103021d0299cad40be49099cf6ed82c2bc568e_abif.jpg,"4,600원"
246,SA01,소금,SA,구운소금 1KG/청정원,http://jangfood1.hgodo.com/shop/external/fix/md/itemImg/2021/02/11/598//20210211081025b785bc785a794b5484cc2cf2998aba8e_wcte.jpg,"7,350원"
247,SA02,소금,SA,구운소금 1KG/동광,http://jangfood1.hgodo.com/shop/external/fix/md/itemImg/2024/08/13/132//20240813094330a895b8579b964cd1a7dfde11d18d615e_u1ut.jpg,"4,850원"
248,SA03,소금,SA,구운소금 500G/동광,http://jangfood1.hgodo.com/shop/external/fix/img/processed_food/sub03/03//20190430103022782a60baa3634c60929c4ab689fe9493_v1m7.jpg,"2,500원"
249,SA04,소금,SA,구운소금 500G/청정원,http://jangfood1.hgodo.com/shop/external/fix/md/itemImg/2021/11/24/857//2021112412241061e305482a044f39a2ff63a45ba87f40_gnv4.jpg,"5,350원"
250,SU00,설탕,SU,레인보우 270G/이슬나라,http://jangfood1.hgodo.com/shop/external/fix/img/processed_food/sub03/03//20190430103902e93b5ba0e98e449596c43083840050d4_snxp.jpg,"5,100원"
251,SU01,설탕,SU,백설롱슈가설탕 5Gx100입/씨제이제일제당(주),http://jangfood1.hgodo.com/shop/external/fix/md/itemImg/2024/08/13/502//20240813113410fd00eb9e7e6847f8ad5a78f4a18a0783_uid4.jpg,"2,550원"
252,SU02,설탕,SU,하얀설탕 15KG/백설,http://jangfood1.hgodo.com/shop/external/fix/md/itemImg/2024/12/10/646//20241210152640b876775548af40439376c28e2217ec3e_vwfx.jpg,"21,800원"
253,SU03,설탕,SU,하얀설탕 1KG/백설,http://jangfood1.hgodo.com/shop/external/fix/md/itemImg/2024/09/19/057//20240919101155c8afbc343a4147a88b9d232e5fd6a070_bx6g.jpg,"2,800원"
254,SU04,설탕,SU,하얀설탕 1KG/백설  BOX (16),http://jangfood1.hgodo.com/shop/external/fix/md/itemImg/2024/08/23/413//20240823114925b211dae26d4d4028b87735146827e4d2_48w4.jpg,"42,400원"
255,CP00,고춧가루,CP,참맛청결고춧가루(청양한식) 600G/고추나라/국산,http://jangfood1.hgodo.com/shop/external/fix/md/itemImg/2020/03/16/835//20200316131215e4ad71b8be4840218952625357723e6f_f52u.jpg,"17,500원"
256,CP01,고춧가루,CP,참맛청결고춧가루(청양한식) 600G/고추나라/국산  BOX (10),http://jangfood1.hgodo.com/shop/external/fix/md/itemImg/2024/08/20/468//20240820152930946a1ff28bbb4c75b96b02cf4b6c6042_i31d.jpg,"165,200원"
257,CP02,고춧가루,CP,참맛청결고춧가루(한식) 250G/고추나라/국산,http://jangfood1.hgodo.com/shop/external/fix/md/itemImg/2021/03/12/062//2021031213171557f88282405348289bc919ce3a8d48b9_uork.jpg,"7,500원"
258,CP03,고춧가루,CP,참맛청결고춧가루(청양중식) 1KG/고추나라,http://jangfood1.hgodo.com/shop/external/fix/img/processed_food/sub03/03//20190430111257e09fe74a70424ce68c4cbaa6bf7b75c4_dcp4.jpg,"14,000원"
259,CP04,고춧가루,CP,참맛청결고춧가루(청양중식) 1KG/고추나라  BOX (12),http://jangfood1.hgodo.com/shop/external/fix/md/itemImg/2023/02/14/891//20230214100555fdf803d8405a43148ed3fd397d14ea4c_gnyz.jpg,"157,900원"
260,FS00,액젓,FS,새우액젓 500G,http://jangfood1.hgodo.com/shop/external/fix/md/itemImg/2021/01/06/521//202101061028158f52e3da685b4d5e831f987c6ba04deb_zu4i.jpg,"6,700원"
261,FS01,액젓,FS,까나리액젓 8KG/약목,http://jangfood1.hgodo.com/shop/external/fix/img/processed_food/sub01/01//20190430103259f56aa9d4ac1d497288fd7b260f46b854_ym3p.jpg,"39,500원"
262,FS02,액젓,FS,까나리액젓 800G/약목,http://jangfood1.hgodo.com/shop/external/fix/md/itemImg/2024/08/05/496//20240805144155380b61a1d9de4aa3bcb5fd6f14dae194_fvg3.jpg,"6,800원"
263,FS03,액젓,FS,까나리액젓 400G/하선정,http://jangfood1.hgodo.com/shop/external/fix/md/itemImg/2025/02/20/514//202502201343200690908bb4f74b6fa1a559ef92ae6151_n9nj.jpg,"3,800원"
264,FS04,액젓,FS,까나리액젓 4KG/약목,http://jangfood1.hgodo.com/shop/external/fix/md/itemImg/2022/05/24/890//202205241012155bf139a7896d41c4a6e4624e194233e7_y7ho.jpg,"21,000원"
265,SY00,시럽,SY,달콤한케이크시럽 220G/오뚜기,http://jangfood1.hgodo.com/shop/external/fix/img/processed_food/sub02/01//2019043011301297d671b517b14fb798d1621d66f87081_3pkn.jpg,"1,600원"
266,SY01,시럽,SY,바닐라시럽 1L/모닌,http://jangfood1.hgodo.com/shop/external/fix/md/itemImg/2021/05/03/937//202105030848356ab7b44b4b2d471caf9de09d190d60ee_x52o.jpg,"20,800원"
267,SY02,시럽,SY,핑크그레이프프룻시럽 1L/모닌,http://jangfood1.hgodo.com/shop/external/fix/md/itemImg/2021/05/03/107//202105030914005fd782d8797045359168f69296fdb44e_batm.jpg,"20,800원"
268,SY03,시럽,SY,퓨어메이플시럽(100%) 250ML/(주)교토아이엔씨,http://jangfood1.hgodo.com/shop/external/fix/md/itemImg/2021/11/26/581//20211126140700b69754d598854fac98a80893ea264a97_afpp.jpg,"9,900원"
269,SY04,시럽,SY,퓨어메이플시럽(100%) 500ML/(주)교토아이엔씨,http://jangfood1.hgodo.com/shop/external/fix/md/itemImg/2021/11/29/813//202111291424102344ed4d77ff45c288e4979f21b63ffe_2lvj.jpg,"18,000원"
270,HO00,꿀,HO,아카시아맛청 2KG/푸드올마켓,http://jangfood1.hgodo.com/shop/external/fix/md/itemImg/2020/09/18/662//20200918121445dd41ea7f3fd446e4b7e6d06ba7faaea0_v48j.jpg,"7,200원"
271,HO01,꿀,HO,사양벌꿀 2KG/(주)쌍계명차,http://jangfood1.hgodo.com/shop/external/fix/md/itemImg/2022/11/21/711//20221121131745711b449373754204b6e433a634e23f5d_e7ne.jpg,"23,200원"
272,HO02,꿀,HO,롱간허니 1KG/㈜대동농원,http://jangfood1.hgodo.com/shop/external/fix/md/itemImg/2024/06/05/980//202406051428152db4aa0354f84926b084ca2978db7238_l1jx.jpg,"18,400원"
273,HO03,꿀,HO,허니비푸드아카시아청 2KG/㈜대동농원,http://jangfood1.hgodo.com/shop/external/fix/md/itemImg/2024/06/05/110//20240605142445f9ddf6e1b4454809a23c7b22b7d0b837_18ua.jpg,"9,300원"
274,HO04,꿀,HO,허니비푸드잡화청 2KG/㈜대동농원,http://jangfood1.hgodo.com/shop/external/fix/md/itemImg/2024/06/05/828//20240605142440b2fe1bd2706b48cc863e0be448a803b6_sofm.jpg,"9,300원"
275,VI00,식초,VI,깔끔한양조식초 15L/샘표,http://jangfood1.hgodo.com/shop/external/fix/img/processed_food/sub03/01//2019043010312889e5cbcd516345cdb74ad235d711ad7f_o5rk.jpg,"16,300원"
276,VI01,식초,VI,백설레몬식초(지중해산) 500ML/씨제이제일제당(주),http://jangfood1.hgodo.com/shop/external/fix/md/itemImg/2021/02/08/828//20210208091915cec99baac3b3444286b8f152e9c9a57e_wxpi.jpg,"2,000원"
277,VI02,식초,VI,빙초산 1.5L/유림,http://jangfood1.hgodo.com/shop/external/fix/img/processed_food/sub03/03//201904301050214d4518b3a6b7439b811669f28659a0c2_kj6z.jpg,"5,900원"
278,VI03,식초,VI,빙초산 1.5L/유림  BOX (10),http://jangfood1.hgodo.com/shop/external/fix/md/itemImg/2024/08/13/628//202408131600002791d4288fa841d7a6aad583d726a2a3_4vcl.jpg,"55,000원"
279,VI04,식초,VI,빙초산 450ML/유림,http://jangfood1.hgodo.com/shop/external/fix/img/processed_food/sub03/03//20190430105021912c4acf3a5c4c35b4c79bf95dbac3ea_ospx.jpg,"2,800원"
280,CW00,맛술,CW,맛술(생강) 800ML/백설,http://jangfood1.hgodo.com/shop/external/fix/md/itemImg/2020/03/16/210//202003161509409ba3764b981f4cfca402a0a7f24964e2_7zfz.jpg,"4,800원"
281,CW01,맛술,CW,맛술(로즈마리) 800ML/백설,http://jangfood1.hgodo.com/shop/external/fix/md/itemImg/2020/03/16/857//202003161513051e3d82ebab5e4de5830f90d5b5c873ac_3f3m.jpg,"4,800원"
282,CW02,맛술,CW,요리맛술 2KG/(주)청우식품,http://jangfood1.hgodo.com/shop/external/fix/md/itemImg/2025/02/27/632//20250227153355854b1b3dfc52467fb1c3148f5d12320b_c5j8.jpg,"5,900원"
283,CW03,맛술,CW,쉐프원맛술 2KG/대상(주),http://jangfood1.hgodo.com/shop/external/fix/md/itemImg/2025/02/26/254//2025022614123592ebb0d3685948d9abe0efe987922728_6p4d.jpg,"4,550원"
284,CW04,맛술,CW,월계수잎맛술 410ML/대상(주),http://jangfood1.hgodo.com/shop/external/fix/md/itemImg/2021/02/10/306//20210210103835820a7df54cac41639f8be0d530b2a52e_gu7t.jpg,"2,700원"
285,SE00,향신료,SE,겨자분 300G/오뚜기,http://jangfood1.hgodo.com/shop/external/fix/img/processed_food/sub03/02//201904301030260bbfc6223b1d45fd8edffacf5ec01218_olzd.jpg,"3,650원"
286,SE01,향신료,SE,계피분말 300G/(주)청우식품,http://jangfood1.hgodo.com/shop/external/fix/md/itemImg/2019/06/11/324//20190611120725d4b9747127e74c3ba11957d5c4dfb29f_f4xr.jpg,"7,800원"
287,SE02,향신료,SE,굵은후추가루 400G/이슬나라,http://jangfood1.hgodo.com/shop/external/fix/md/itemImg/2021/05/27/564//20210527100955831239c3f1854bda9819a8c282b965a6_ca2i.jpg,"14,000원"
288,SE03,향신료,SE,굵은흑후추 70G/이슬나라,http://jangfood1.hgodo.com/shop/external/fix/md/itemImg/2020/05/25/295//202005251521058ae8dedd50574fef8b7adcc16b55f976_kx5t.jpg,"5,400원"
289,SE04,향신료,SE,로즈마리(분말) 240G/(주)청우식품,http://jangfood1.hgodo.com/shop/external/fix/md/itemImg/2019/06/11/126//20190611123105031b95e192fe49249fa9ba20ae0443e3_4uvp.jpg,"8,800원"
290,MS00,미원,MS,업소용미원 1kg/청정원,http://jangfood1.hgodo.com/shop/external/fix/img/processed_food/sub03/02//2019043011003482e6170c77a5494fb7051a7e74f3752b_fgdl.jpg,"12,900원"
291,MS01,미원,MS,아미노산미원 2kg/청정원,http://jangfood1.hgodo.com/shop/external/fix/img/processed_food/sub03/02//2019043010571059bdbfbaa5a14b1db2b3b92e7f7ef65d_lga3.jpg,"36,500원"
292,MS02,미원,MS,업소용미원 25kg/청정원,http://jangfood1.hgodo.com/shop/external/fix/img/processed_food/sub03/01//201904301100356681a46eccf4417e8304561d96a170e6_xrlj.jpg,"239,600원"
293,MS03,미원,MS,업소용미원 3KG/청정원,http://jangfood1.hgodo.com/shop/external/fix/md/itemImg/2024/08/17/675//20240817082135768a0241bc374630a0f53f8f7310e8d1_jnlm.jpg,"33,900원"
294,MS04,미원,MS,중화요리전용미원 2KG/청정원,http://jangfood1.hgodo.com/shop/external/fix/img/processed_food/sub03/02//201904301110166867481385cf4cd68b8126646db442aa_fcm8.jpg,"18,100원"
295,DS00,다시다,DS,백설냉면다시다 300G/씨제이제일제당(주),http://jangfood1.hgodo.com/shop/external/fix/md/itemImg/2021/06/23/449//2021062313234575f8b02fbf8640cf92a2fb21006e64a4_ahr2.jpg,"4,200원"
296,DS01,다시다,DS,백설다시다명품골드 100G/씨제이제일제당(주),http://jangfood1.hgodo.com/shop/external/fix/img/processed_food/sub03/01//20190430103537191b2ff1345d4225960924e26c90acfb_lris.jpg,"4,900원"
297,DS02,다시다,DS,닭칼국수스프 500G/이슬나라,http://jangfood1.hgodo.com/shop/external/fix/md/itemImg/2023/09/13/069//202309131414155067cb9ce5594fd0a29f84c6bea657ca_r1zw.jpg,"4,950원"
298,DS03,다시다,DS,멸치다시다 1KG/백설,http://jangfood1.hgodo.com/shop/external/fix/md/itemImg/2024/08/13/758//2024081313585084961ab340644a2ca3725cf7c4f23b50_u6vh.jpg,"15,200원"
299,DS04,다시다,DS,멸치다시다 1KG/백설  BOX (10),http://jangfood1.hgodo.com/shop/external/fix/md/itemImg/2024/08/13/437//20240813140000720baf07b8024d6c8be3e656774bf26d_9e9b.jpg,"142,700원"
